{"mean":{"confidence_interval":{"confidence_level":0.95,"lower_bound":7020070.860964289,"upper_bound":7097262.254928575},"point_estimate":7059268.874285712,"standard_error":19749.715522581064},"median":{"confidence_interval":{"confidence_level":0.95,"lower_bound":7030863.142857143,"upper_bound":7140884.714285715},"point_estimate":7069634.571428572,"standard_error":28523.334498901902},"median_abs_dev":{"confidence_interval":{"confidence_level":0.95,"lower_bound":147138.51638776975,"upper_bound":244577.57326537915},"point_estimate":184256.25392879738,"standard_error":25049.447398548124},"slope":null,"std_dev":{"confidence_interval":{"confidence_level":0.95,"lower_bound":170664.63166445884,"upper_bound":221991.1644403556},"point_estimate":198192.5182562787,"standard_error":13061.073555578696}}