{"mean":{"confidence_interval":{"confidence_level":0.95,"lower_bound":3540185.058666666,"upper_bound":3576244.166666666},"point_estimate":3558021.632666665,"standard_error":9194.10343744095},"median":{"confidence_interval":{"confidence_level":0.95,"lower_bound":3536247.466666667,"upper_bound":3585448.3},"point_estimate":3560374.7666666666,"standard_error":12961.15424569887},"median_abs_dev":{"confidence_interval":{"confidence_level":0.95,"lower_bound":78333.56496930114,"upper_bound":122840.62313914268},"point_estimate":100716.96981191612,"standard_error":11301.396286762578},"slope":null,"std_dev":{"confidence_interval":{"confidence_level":0.95,"lower_bound":80057.79849642723,"upper_bound":103824.59804201267},"point_estimate":92302.03836545684,"standard_error":6078.622290079671}}