{"mean":{"confidence_interval":{"confidence_level":0.95,"lower_bound":7081512.73375,"upper_bound":7106961.969749999},"point_estimate":7094246.525,"standard_error":6485.982527292112},"median":{"confidence_interval":{"confidence_level":0.95,"lower_bound":7090376.0,"upper_bound":7107039.5},"point_estimate":7098039.1875,"standard_error":4284.787943602193},"median_abs_dev":{"confidence_interval":{"confidence_level":0.95,"lower_bound":35019.104040786624,"upper_bound":60178.64026911557},"point_estimate":46983.12985338271,"standard_error":6481.166609516886},"slope":null,"std_dev":{"confidence_interval":{"confidence_level":0.95,"lower_bound":50323.524452743,"upper_bound":78949.17112148601},"point_estimate":64624.70129100806,"standard_error":7381.570612741497}}